"name","party","constituency","email"
"Ms Diane Abbott","Labour","Hackney North and Stoke Newington","sheyda.m.azar@parliament.uk"
"Debbie Abrahams","Labour","Oldham East and Saddleworth","abrahamsd@parliament.uk"
"Nigel Adams","Conservative","Selby and Ainsty","nigel.adams.mp@parliament.uk"
"Adam Afriyie","Conservative","Windsor","adam.afriyie.mp@parliament.uk"
"Ms Tasmina Ahmed-Sheikh","Scottish National Party","Ochil and South Perthshire","tas.mp@parliament.uk"
"Peter Aldous","Conservative","Waveney","peter.aldous.mp@parliament.uk"
"Heidi Alexander","Labour","Lewisham East","heidi.alexander.mp@parliament.uk"
"Rushanara Ali","Labour","Bethnal Green and Bow","rushanara.ali.mp@parliament.uk"
"Lucy Allan","Conservative","Telford","lucy.allan.mp@parliament.uk"
"Mr Graham Allen","Labour","Nottingham North","allengw@parliament.uk"
"Heidi Allen","Conservative","South Cambridgeshire","heidi.allen.mp@parliament.uk"
"Sir David Amess","Conservative","Southend West","amessd@parliament.uk"
"Mr David Anderson","Labour","Blaydon","andersonda@parliament.uk"
"Stuart Andrew","Conservative","Pudsey","stuart.andrew.mp@parliament.uk"
"Caroline Ansell","Conservative","Eastbourne","caroline.ansell.mp@parliament.uk"
"Edward Argar","Conservative","Charnwood","edward.argar.mp@parliament.uk"
"Richard Arkless","Scottish National Party","Dumfries and Galloway","richard.arkless.mp@parliament.uk"
"Jonathan Ashworth","Labour (Co-op)","Leicester South","jon.ashworth.mp@parliament.uk"
"Victoria Atkins","Conservative","Louth and Horncastle","Victoria@victoriaatkins.org.uk "
"Ian Austin","Labour","Dudley North","austini@parliament.uk"
"Mr Richard Bacon","Conservative","South Norfolk","richardbaconmp@parliament.uk"
"Mr Adrian Bailey","Labour (Co-op)","West Bromwich West","baileya@parliament.uk"
"Mr Steve Baker","Conservative","Wycombe","steve.baker.mp@parliament.uk"
"Harriett Baldwin","Conservative","West Worcestershire","harriett.baldwin.mp@parliament.uk"
"Stephen Barclay","Conservative","North East Cambridgeshire","stephen.barclay.mp@parliament.uk"
"Hannah Bardell","Scottish National Party","Livingston","hannah.bardell.mp@parliament.uk"
"Mr John Baron","Conservative","Basildon and Billericay","baronj@parliament.uk"
"Rt Hon Kevin Barron","Labour","Rother Valley","barronk@parliament.uk"
"Gavin Barwell","Conservative","Croydon Central","gavin.barwell.mp@parliament.uk"
"Guto Bebb","Conservative","Aberconwy","guto.bebb.mp@parliament.uk"
"Rt Hon Margaret Beckett","Labour","Derby South","margaret.beckett.mp@parliament.uk"
"Mr Henry Bellingham","Conservative","North West Norfolk","bellinghamh@parliament.uk"
"Rt Hon Hilary Benn","Labour","Leeds Central","bennh@parliament.uk"
"Richard Benyon","Conservative","Newbury","benyonr@parliament.uk"
"Rt Hon John Bercow","Speaker","Buckingham","speakersoffice@parliament.uk "
"Sir Paul Beresford","Conservative","Mole Valley","annie.winsbury@parliament.uk"
"Luciana Berger","Labour (Co-op)","Liverpool, Wavertree","luciana.berger.mp@parliament.uk"
"Jake Berry","Conservative","Rossendale and Darwen","jake.berry.mp@parliament.uk"
"James Berry","Conservative","Kingston and Surbiton","james.berry.mp@parliament.uk"
"Mr Clive Betts","Labour","Sheffield South East","clive.betts.mp@parliament.uk"
"Andrew Bingham","Conservative","High Peak","andrew.bingham.mp@parliament.uk"
"Mhairi Black","Scottish National Party","Paisley and Renfrewshire South","mhairi.black.mp@parliament.uk"
"Ian Blackford","Scottish National Party","Ross, Skye and Lochaber","ian.blackford.mp@parliament.uk"
"Bob Blackman","Conservative","Harrow East","bob.blackman.mp@parliament.uk"
"Kirsty Blackman","Scottish National Party","Aberdeen North","kirsty.blackman.mp@parliament.uk"
"Dr Roberta Blackman-Woods","Labour","City of Durham","woodsr@parliament.uk"
"Nicola Blackwood","Conservative","Oxford West and Abingdon","nicola.blackwood.mp@parliament.uk"
"Tom Blenkinsop","Labour","Middlesbrough South and East Cleveland","info@tomblenkinsop.com"
"Paul Blomfield","Labour","Sheffield Central","paul.blomfield.mp@parliament.uk"
"Crispin Blunt","Conservative","Reigate","crispinbluntmp@parliament.uk"
"Nick Boles","Conservative","Grantham and Stamford","nick.boles.mp@parliament.uk"
"Mr Peter Bone","Conservative","Wellingborough","bonep@parliament.uk"
"Victoria Borwick","Conservative","Kensington","victoria.borwick.mp@parliament.uk"
"Philip Boswell","Scottish National Party","Coatbridge, Chryston and Bellshill","phil.boswell.mp@parliament.uk"
"Sir Peter Bottomley","Conservative","Worthing West","bottomleyp@parliament.uk"
"Karen Bradley","Conservative","Staffordshire Moorlands","karen.bradley.mp@parliament.uk"
"Rt Hon Ben Bradshaw","Labour","Exeter","bradshawb@parliament.uk"
"Mr Graham Brady","Conservative","Altrincham and Sale West","crowthers@parliament.uk"
"Mickey Brady","Sinn Fein","Newry and Armagh","mickey.brady.mp@parliament.uk"
"Rt Hon Tom Brake","Liberal Democrat","Carshalton and Wallington","info@tombrake.co.uk"
"Mr Julian Brazier","Conservative","Canterbury","canterbury@tory.org"
"Kevin Brennan","Labour","Cardiff West","brennank@parliament.uk"
"Andrew Bridgen","Conservative","North West Leicestershire","andrew.bridgen.mp@parliament.uk"
"Steve Brine","Conservative","Winchester","steve.brine.mp@parliament.uk"
"Deidre Brock","Scottish National Party","Edinburgh North and Leith","deidre.brock.mp@parliament.uk"
"Rt Hon James Brokenshire","Conservative","Old Bexley and Sidcup","james.brokenshire.mp@parliament.uk"
"Alan Brown","Scottish National Party","Kilmarnock and Loudoun","alan.brown.mp@parliament.uk"
"Lyn Brown","Labour","West Ham","brownl@parliament.uk"
"Rt Hon Nicholas Brown","Labour","Newcastle upon Tyne East","nickbrownmp@parliament.uk"
"Fiona Bruce","Conservative","Congleton","fiona.bruce.mp@parliament.uk"
"Chris Bryant","Labour","Rhondda","bryantc@parliament.uk"
"Ms Karen Buck","Labour","Westminster North","buckk@parliament.uk"
"Robert Buckland","Conservative","South Swindon","robert.buckland.mp@parliament.uk"
"Richard Burden","Labour","Birmingham, Northfield","richard.burden.mp@parliament.uk"
"Richard Burgon","Labour","Leeds East","richard@richardburgon.com"
"Rt Hon Andy Burnham","Labour","Leigh","andy.burnham.mp@parliament.uk"
"Conor Burns","Conservative","Bournemouth West","conor.burns.mp@parliament.uk"
"Rt Hon Sir Simon Burns","Conservative","Chelmsford","burnss@parliament.uk"
"Mr David Burrowes","Conservative","Enfield, Southgate","burrowesd@parliament.uk"
"Rt Hon Alistair Burt","Conservative","North East Bedfordshire","alistair.burt.mp@parliament.uk"
"Dawn Butler","Labour","Brent Central","dawn.butler.mp@parliament.uk"
"Rt Hon Liam Byrne","Labour","Birmingham, Hodge Hill","byrnel@parliament.uk"
"Ruth Cadbury","Labour","Brentford and Isleworth","ruth.cadbury.mp@parliament.uk"
"Alun Cairns","Conservative","Vale of Glamorgan","alun.cairns.mp@parliament.uk"
"Rt Hon David Cameron","Conservative","Witney",NA
"Dr Lisa Cameron","Scottish National Party","East Kilbride, Strathaven and Lesmahagow","lisa.cameron.mp@parliament.uk"
"Rt Hon Alan Campbell","Labour","Tynemouth","campbellal@parliament.uk"
"Mr Gregory Campbell","Democratic Unionist Party","East Londonderry","fieldingm@parliament.uk"
"Mr Ronnie Campbell","Labour","Blyth Valley","ronnie.campbell.mp@parliament.uk"
"Rt Hon Alistair Carmichael","Liberal Democrat","Orkney and Shetland","carmichaela@parliament.uk"
"Neil Carmichael","Conservative","Stroud","neil.carmichael.mp@parliament.uk"
"Mr Douglas Carswell","UK Independence Party","Clacton",NA
"James Cartlidge","Conservative","South Suffolk","james.cartlidge.mp@parliament.uk"
"Sir William Cash","Conservative","Stone","mcconaloguej@parliament.uk"
"Maria Caulfield","Conservative","Lewes","maria.caulfield.mp@parliament.uk"
"Alex Chalk","Conservative","Cheltenham","alex.chalk.mp@parliament.uk"
"Sarah Champion","Labour","Rotherham","sarah.champion.mp@parliament.uk"
"Douglas Chapman","Scottish National Party","Dunfermline and West Fife","douglas.chapman.mp@parliament.uk"
"Jenny Chapman","Labour","Darlington","jenny.chapman.mp@parliament.uk"
"Joanna Cherry QC","Scottish National Party","Edinburgh South West","joanna.cherry.mp@parliament.uk"
"Rehman Chishti","Conservative","Gillingham and Rainham","rehman.chishti.mp@parliament.uk"
"Mr Christopher Chope","Conservative","Christchurch","chopec@parliament.uk"
"Jo Churchill","Conservative","Bury St Edmunds","jo.churchill.mp@parliament.uk"
"Rt Hon Greg Clark","Conservative","Tunbridge Wells","gregclarkmp@parliament.uk"
"Rt Hon Kenneth Clarke QC","Conservative","Rushcliffe","clarkek@parliament.uk; suggd@parliament.uk "
"Rt Hon Nick Clegg","Liberal Democrat","Sheffield, Hallam","Nick.Clegg.MP@parliament.uk"
"James Cleverly","Conservative","Braintree","james.cleverly.mp@parliament.uk"
"Geoffrey Clifton-Brown","Conservative","The Cotswolds","cliftonbrowng@parliament.uk"
"Rt Hon Ann Clwyd","Labour","Cynon Valley","ann.clwyd.mp@parliament.uk"
"Vernon Coaker","Labour","Gedling","vernon.coaker.mp@parliament.uk"
"Ann Coffey","Labour","Stockport","ann.coffey.mp@parliament.uk"
"Dr Thérèse Coffey","Conservative","Suffolk Coastal","therese.coffey.mp@parliament.uk"
"Damian Collins","Conservative","Folkestone and Hythe","damian.collins.mp@parliament.uk"
"Oliver Colvile","Conservative","Plymouth, Sutton and Devonport","oliver.colvile.mp@parliament.uk"
"Julie Cooper","Labour","Burnley","julie.cooper.mp@parliament.uk"
"Rosie Cooper","Labour","West Lancashire","rosie@rosiecooper.net"
"Rt Hon Yvette Cooper","Labour","Normanton, Pontefract and Castleford","coopery@parliament.uk"
"Jeremy Corbyn","Labour","Islington North","corbynj@parliament.uk"
"Alberto Costa","Conservative","South Leicestershire","diana.thompson@parliament.uk "
"Ronnie Cowan","Scottish National Party","Inverclyde","ronnie.cowan.mp@parliament.uk"
"Mr Geoffrey Cox QC","Conservative","Torridge and West Devon","coxg@parliament.uk"
"Jo Cox","Labour","Batley and Spen","jo.cox.mp@parliament.uk"
"Neil Coyle","Labour","Bermondsey and Old Southwark","neil.coyle.mp@parliament.uk"
"Rt Hon Stephen Crabb","Conservative","Preseli Pembrokeshire","stephen.crabb.mp@parliament.uk"
"Mr David Crausby","Labour","Bolton North East","crausbyd@parliament.uk"
"Angela Crawley","Scottish National Party","Lanark and Hamilton East","angela.crawley.mp@parliament.uk"
"Mary Creagh","Labour","Wakefield","creaghm@parliament.uk"
"Stella Creasy","Labour (Co-op)","Walthamstow","stella.creasy.mp@parliament.uk"
"Tracey Crouch","Conservative","Chatham and Aylesford","tracey.crouch.mp@parliament.uk"
"Jon Cruddas","Labour","Dagenham and Rainham","cruddasj@parliament.uk"
"John Cryer","Labour","Leyton and Wanstead","john.cryer.mp@parliament.uk"
"Judith Cummins","Labour","Bradford South","judith.cummins.mp@parliament.uk"
"Alex Cunningham","Labour","Stockton North","alex.cunningham.mp@parliament.uk"
"Mr Jim Cunningham","Labour","Coventry South","eleanorm.connolly@parliament.uk"
"Nic Dakin","Labour","Scunthorpe","nic.dakin.mp@parliament.uk"
"Simon Danczuk","Labour","Rochdale","simon.danczuk.mp@parliament.uk"
"Wayne David","Labour","Caerphilly","davidw@parliament.uk"
"Byron Davies","Conservative","Gower","byron.davies.mp@parliament.uk"
"Chris Davies","Conservative","Brecon and Radnorshire","chris.davies.mp@parliament.uk"
"David T. C. Davies","Conservative","Monmouth","david.davies.mp@parliament.uk"
"Geraint Davies","Labour (Co-op)","Swansea West","geraint.davies.mp@parliament.uk"
"Glyn Davies","Conservative","Montgomeryshire","phillip.carlick@parliament.uk"
"Dr James Davies","Conservative","Vale of Clwyd","james.davies.mp@parliament.uk"
"Mims Davies","Conservative","Eastleigh","mims.davies.mp@parliament.uk"
"Philip Davies","Conservative","Shipley","daviesp@parliament.uk"
"Rt Hon David Davis","Conservative","Haltemprice and Howden","david.davis.mp@parliament.uk"
"Martyn Day","Scottish National Party","Linlithgow and East Falkirk","martyn.day.mp@parliament.uk"
"Gloria De Piero","Labour","Ashfield","gloria.depiero.mp@parliament.uk"
"Thangam Debbonaire","Labour","Bristol West","thangam.debbonaire.mp@parliament.uk"
"Caroline Dinenage","Conservative","Gosport","caroline.dinenage.mp@parliament.uk"
"Mr Jonathan Djanogly","Conservative","Huntingdon","jonathan.djanogly.mp@parliament.uk"
"Martin John Docherty","Scottish National Party","West Dunbartonshire","martin.docherty.mp@parliament.uk"
"Rt Hon Nigel Dodds","Democratic Unionist Party","Belfast North","doddsn@parliament.uk"
"Mr Pat Doherty","Sinn Fein","West Tyrone","dohertyp@parliament.uk"
"Rt Hon Jeffrey M. Donaldson","Democratic Unionist Party","Lagan Valley","jeffrey.donaldson.mp@parliament.uk"
"Stuart Blair Donaldson","Scottish National Party","West Aberdeenshire and Kincardine","stuart.donaldson.mp@parliament.uk"
"Michelle Donelan","Conservative","Chippenham","michelle.donelan.mp@parliament.uk"
"Nadine Dorries","Conservative","Mid Bedfordshire","dorriesn@parliament.uk"
"Steve Double","Conservative","St Austell and Newquay","steve.double.mp@parliament.uk"
"Stephen Doughty","Labour (Co-op)","Cardiff South and Penarth","stephen.doughty.mp@parliament.uk"
"Jim Dowd","Labour","Lewisham West and Penge","dowdj@parliament.uk"
"Peter Dowd","Labour","Bootle","peter.dowd.mp@parliament.uk"
"Oliver Dowden","Conservative","Hertsmere","oliver.dowden.mp@parliament.uk"
"Jackie Doyle-Price","Conservative","Thurrock","jackie.doyleprice.mp@parliament.uk"
"Richard Drax","Conservative","South Dorset","richard.drax.mp@parliament.uk"
"Jack Dromey","Labour","Birmingham, Erdington","jack.dromey.mp@parliament.uk"
"Mrs Flick Drummond","Conservative","Portsmouth South","flick.drummond.mp@parliament.uk"
"James Duddridge","Conservative","Rochford and Southend East","james@jamesduddridge.com"
"Michael Dugher","Labour","Barnsley East","michael.dugher.mp@parliament.uk"
"Rt Hon Sir Alan Duncan","Conservative","Rutland and Melton","alan.duncan.mp@parliament.uk"
"Rt Hon Iain Duncan Smith","Conservative","Chingford and Woodford Green","olivia.kybett@parliament.uk"
"Mr Philip Dunne","Conservative","Ludlow","philip.dunne.mp@parliament.uk"
"Mark Durkan","Social Democratic & Labour Party","Foyle","mark.durkan.mp@parliament.uk"
"Ms Angela Eagle","Labour","Wallasey","eaglea@parliament.uk"
"Maria Eagle","Labour","Garston and Halewood","eaglem@parliament.uk"
"Jonathan Edwards","Plaid Cymru","Carmarthen East and Dinefwr","jonathan.edwards.mp@parliament.uk"
"Clive Efford","Labour","Eltham","effordc@parliament.uk"
"Julie Elliott","Labour","Sunderland Central","julie.elliott.mp@parliament.uk"
"Tom Elliott","Ulster Unionist Party","Fermanagh and South Tyrone","tom.elliott.mp@parliament.uk"
"Michael Ellis","Conservative","Northampton North","michael.ellis.mp@parliament.uk"
"Jane Ellison","Conservative","Battersea","jane.ellison.mp@parliament.uk"
"Mrs Louise Ellman","Labour (Co-op)","Liverpool, Riverside","louise.ellman.mp@parliament.uk; james.floyd@parliament.uk"
"Mr Tobias Ellwood","Conservative","Bournemouth East","tobias.ellwood.mp@parliament.uk"
"Charlie Elphicke","Conservative","Dover","charlie.elphicke.mp@parliament.uk"
"Natascha Engel","Labour","North East Derbyshire","natascha.engel.mp@parliament.uk"
"Bill Esterson","Labour","Sefton Central","bill.esterson.mp@parliament.uk"
"George Eustice","Conservative","Camborne and Redruth","george.eustice.mp@parliament.uk"
"Chris Evans","Labour (Co-op)","Islwyn","chris.evans.mp@parliament.uk"
"Graham Evans","Conservative","Weaver Vale","mail@grahamevansmp.com"
"Mr Nigel Evans","Conservative","Ribble Valley","evansn@parliament.uk"
"Rt Hon David Evennett","Conservative","Bexleyheath and Crayford","david.evennett.mp@parliament.uk"
"Michael Fabricant","Conservative","Lichfield",NA
"Rt Hon Michael Fallon","Conservative","Sevenoaks","michael.fallon.mp@parliament.uk"
"Paul Farrelly","Labour","Newcastle-under-Lyme","paul.farrelly.mp@parliament.uk"
"Tim Farron","Liberal Democrat","Westmorland and Lonsdale","farront@parliament.uk"
"Marion Fellows","Scottish National Party","Motherwell and Wishaw","marion.fellows.mp@parliament.uk"
"Suella Fernandes","Conservative","Fareham","suella.fernandes.mp@parliament.uk"
"Margaret Ferrier","Scottish National Party","Rutherglen and Hamilton West","margaret.ferrier.mp@parliament.uk"
"Rt Hon Frank Field","Labour","Birkenhead","fieldf@parliament.uk"
"Rt Hon Mark Field","Conservative","Cities of London and Westminster","fieldm@parliament.uk"
"Jim Fitzpatrick","Labour","Poplar and Limehouse","jim.fitzpatrick.mp@parliament.uk"
"Robert Flello","Labour","Stoke-on-Trent South","flellor@parliament.uk"
"Colleen Fletcher","Labour","Coventry North East","smithnb@parliament.uk"
"Rt Hon Caroline Flint","Labour","Don Valley","caroline.flint.mp@parliament.uk"
"Paul Flynn","Labour","Newport West","paulflynnmp@talk21.com"
"Kevin Foster","Conservative","Torbay","kevin.foster.mp@parliament.uk"
"Yvonne Fovargue","Labour","Makerfield","yvonne.fovargue.mp@parliament.uk"
"Rt Hon Dr Liam Fox","Conservative","North Somerset","douglasi@parliament.uk"
"Vicky Foxcroft","Labour","Lewisham, Deptford","vicky.foxcroft.mp@parliament.uk"
"Rt Hon Mark Francois","Conservative","Rayleigh and Wickford","mark.francois.mp@parliament.uk"
"Lucy Frazer","Conservative","South East Cambridgeshire","lucy.frazer.mp@parliament.uk"
"George Freeman","Conservative","Mid Norfolk","george.freeman.mp@parliament.uk"
"Mike Freer","Conservative","Finchley and Golders Green","mike.freer.mp@parliament.uk"
"Richard Fuller","Conservative","Bedford","richard.fuller.mp@parliament.uk"
"Marcus Fysh","Conservative","Yeovil","marcus.fysh.mp@parliament.uk"
"Sir Roger Gale","Conservative","North Thanet","galerj@parliament.uk"
"Mike Gapes","Labour (Co-op)","Ilford South","mike.gapes.mp@parliament.uk"
"Barry Gardiner","Labour","Brent North","gardinerb@parliament.uk"
"Mark Garnier","Conservative","Wyre Forest","mark.garnier.mp@parliament.uk"
"Rt Hon Sir Edward Garnier QC","Conservative","Harborough","garniere@parliament.uk"
"Mr David Gauke","Conservative","South West Hertfordshire","gauked@parliament.uk"
"Stephen Gethins","Scottish National Party","North East Fife","stephen.gethins.mp@parliament.uk"
"Nusrat Ghani","Conservative","Wealden","nusrat.ghani.mp@parliament.uk"
"Nick Gibb","Conservative","Bognor Regis and Littlehampton","gibbn@parliament.uk"
"Patricia Gibson","Scottish National Party","North Ayrshire and Arran","patricia.gibson.mp@parliament.uk"
"Rt Hon Cheryl Gillan","Conservative","Chesham and Amersham","cheryl.gillan.mp@parliament.uk"
"Pat Glass","Labour","North West Durham","pat.glass.mp@parliament.uk"
"John Glen","Conservative","Salisbury","john.glen.mp@parliament.uk"
"Mary Glindon","Labour","North Tyneside","mary.glindon.mp@parliament.uk"
"Mr Roger Godsiff","Labour","Birmingham, Hall Green","godsiffr@parliament.uk"
"Zac Goldsmith","Conservative","Richmond Park","zac@zacgoldsmith.com"
"Helen Goodman","Labour","Bishop Auckland","goodmanh@parliament.uk"
"Mr Robert Goodwill","Conservative","Scarborough and Whitby","robert.goodwill.mp@parliament.uk"
"Rt Hon Michael Gove","Conservative","Surrey Heath","michael.gove.mp@parliament.uk"
"Patrick Grady","Scottish National Party","Glasgow North","patrick.grady.mp@parliament.uk"
"Richard Graham","Conservative","Gloucester","richard.graham.mp@parliament.uk"
"Mrs Helen Grant","Conservative","Maidstone and The Weald","helen.grant.mp@parliament.uk "
"Peter Grant","Scottish National Party","Glenrothes","peter.grant.mp@parliament.uk"
"James Gray","Conservative","North Wiltshire","jamesgraymp@parliament.uk"
"Neil Gray","Scottish National Party","Airdrie and Shotts","neil.gray.mp@parliament.uk"
"Rt Hon Chris Grayling","Conservative","Epsom and Ewell","chris.grayling.mp@parliament.uk"
"Chris Green","Conservative","Bolton West","chris.green.mp@parliament.uk"
"Rt Hon Damian Green","Conservative","Ashford","damian.green.mp@parliament.uk"
"Kate Green","Labour","Stretford and Urmston","kate.green.mp@parliament.uk"
"Rt Hon Justine Greening","Conservative","Putney","greeningj@parliament.uk"
"Lilian Greenwood","Labour","Nottingham South","lilian.greenwood.mp@parliament.uk"
"Margaret Greenwood","Labour","Wirral West","margaret.greenwood.mp@parliament.uk"
"Rt Hon Dominic Grieve QC","Conservative","Beaconsfield","dominic.grieve.mp@parliament.uk"
"Nia Griffith","Labour","Llanelli","nia.griffith.mp@parliament.uk"
"Andrew Griffiths","Conservative","Burton","andrew.griffiths.mp@parliament.uk"
"Ben Gummer","Conservative","Ipswich","ben.gummer.mp@parliament.uk"
"Andrew Gwynne","Labour","Denton and Reddish","gwynnea@parliament.uk"
"Mr Sam Gyimah","Conservative","East Surrey","sam@samgyimah.com"
"Louise Haigh","Labour","Sheffield, Heeley","louise.haigh.mp@parliament.uk"
"Rt Hon Robert Halfon","Conservative","Harlow","halfon4harlow@roberthalfon.com"
"Luke Hall","Conservative","Thornbury and Yate","luke.hall.mp@parliament.uk"
"Fabian Hamilton","Labour","Leeds North East","fabian.hamilton.mp@parliament.uk"
"Rt Hon Philip Hammond","Conservative","Runnymede and Weybridge","hammondp@parliament.uk"
"Stephen Hammond","Conservative","Wimbledon","stephen.hammond.mp@parliament.uk"
"Rt Hon Matthew Hancock","Conservative","West Suffolk","matthew.hancock.mp@parliament.uk"
"Rt Hon Greg Hands","Conservative","Chelsea and Fulham","handsg@parliament.uk"
"Rt Hon David Hanson","Labour","Delyn","david.hanson.mp@parliament.uk"
"Rt Hon Harriet Harman QC","Labour","Camberwell and Peckham","harriet.harman.mp@parliament.uk"
"Rt Hon Mark Harper","Conservative","Forest of Dean","mark.harper.mp@parliament.uk"
"Harry Harpham","Labour","Sheffield, Brightside and Hillsborough","harry.harpham.mp@parliament.uk"
"Richard Harrington","Conservative","Watford","richard.harrington.mp@parliament.uk"
"Carolyn Harris","Labour","Swansea East","carolyn.harris.mp@parliament.uk"
"Rebecca Harris","Conservative","Castle Point","rebecca.harris.mp@parliament.uk"
"Simon Hart","Conservative","Carmarthen West and South Pembrokeshire","simon.hart.mp@parliament.uk"
"Rt Hon Sir Alan Haselhurst","Conservative","Saffron Walden","alan.haselhurst.mp@parliament.uk"
"Helen Hayes","Labour","Dulwich and West Norwood","helen.hayes.mp@parliament.uk"
"Rt Hon John Hayes","Conservative","South Holland and The Deepings","hayesj@parliament.uk"
"Sue Hayman","Labour","Workington","sue.hayman.mp@parliament.uk"
"Sir Oliver Heald QC","Conservative","North East Hertfordshire","Oliver.heald.mp@parliament.uk"
"Rt Hon John Healey","Labour","Wentworth and Dearne","john.healey.mp@parliament.uk"
"James Heappey","Conservative","Wells","james.heappey.mp@parliament.uk"
"Chris Heaton-Harris","Conservative","Daventry","chris.heatonharris.mp@parliament.uk"
"Peter Heaton-Jones","Conservative","North Devon","peter.heatonjones.mp@parliament.uk"
"Gordon Henderson","Conservative","Sittingbourne and Sheppey","gordon.henderson.mp@parliament.uk"
"Mr Mark Hendrick","Labour (Co-op)","Preston","mark.hendrick.mp@parliament.uk"
"Drew Hendry","Scottish National Party","Inverness, Nairn, Badenoch and Strathspey","drew.hendry.mp@parliament.uk"
"Mr Stephen Hepburn","Labour","Jarrow","hepburns@parliament.uk"
"Rt Hon Nick Herbert","Conservative","Arundel and South Downs","herbertn@parliament.uk"
"Lady Hermon","Independent","North Down","sylvia.hermon.mp@parliament.uk"
"Meg Hillier","Labour (Co-op)","Hackney South and Shoreditch","meghilliermp@parliament.uk"
"Damian Hinds","Conservative","East Hampshire","damian.hinds.mp@parliament.uk"
"Simon Hoare","Conservative","North Dorset","simon.hoare.mp@parliament.uk"
"Rt Hon Dame  Margaret Hodge","Labour","Barking","hodgem@parliament.uk"
"Mrs Sharon Hodgson","Labour","Washington and Sunderland West","sharon.hodgson.mp@parliament.uk"
"Kate Hoey","Labour","Vauxhall","hoeyk@parliament.uk"
"Kate Hollern","Labour","Blackburn","kate.hollern.mp@parliament.uk"
"George Hollingbery","Conservative","Meon Valley","george.hollingbery.mp@parliament.uk"
"Kevin Hollinrake","Conservative","Thirsk and Malton","kevin.hollinrake.mp@parliament.uk"
"Mr Philip Hollobone","Conservative","Kettering","philip.hollobone.mp@parliament.uk"
"Adam Holloway","Conservative","Gravesham","hollowaya@parliament.uk"
"Kelvin Hopkins","Labour","Luton North","hopkinsk@parliament.uk"
"Kris Hopkins","Conservative","Keighley","kris.hopkins.mp@parliament.uk"
"Stewart Hosie","Scottish National Party","Dundee East","hosies@parliament.uk"
"Rt Hon George Howarth","Labour","Knowsley","george.howarth.mp@parliament.uk"
"Sir Gerald Howarth","Conservative","Aldershot","geraldhowarth@parliament.uk"
"John Howell","Conservative","Henley","howelljm@parliament.uk"
"Ben Howlett","Conservative","Bath","ben.howlett.mp@parliament.uk"
"Rt Hon Lindsay Hoyle","Labour","Chorley","wilsonp@parliament.uk"
"Nigel Huddleston","Conservative","Mid Worcestershire","nigel.huddleston.mp@parliament.uk"
"Rt Hon Jeremy Hunt","Conservative","South West Surrey","huntj@parliament.uk"
"Tristram Hunt","Labour","Stoke-on-Trent Central","tristram.hunt.mp@parliament.uk"
"Dr Rupa Huq","Labour","Ealing Central and Acton","rupa.huq.mp@parliament.uk"
"Mr Nick Hurd","Conservative","Ruislip, Northwood and Pinner","nick.hurd.mp@parliament.uk"
"Imran Hussain","Labour","Bradford East","imran.hussain.mp@parliament.uk"
"Huw Irranca-Davies","Labour","Ogmore","irrancadaviesh@parliament.uk"
"Mr Stewart Jackson","Conservative","Peterborough","stewart.jackson.mp@parliament.uk"
"Margot James","Conservative","Stourbridge","margot.james.mp@parliament.uk"
"Dan Jarvis","Labour","Barnsley Central","dan.jarvis.mp@parliament.uk"
"Rt Hon Sajid Javid","Conservative","Bromsgrove","sajid.javid.mp@parliament.uk"
"Mr Ranil Jayawardena","Conservative","North East Hampshire","ranil.jayawardena.mp@parliament.uk"
"Mr Bernard Jenkin","Conservative","Harwich and North Essex","bernard.jenkin.mp@parliament.uk"
"Andrea Jenkyns","Conservative","Morley and Outwood","andrea.jenkyns.mp@parliament.uk"
"Robert Jenrick","Conservative","Newark",NA
"Rt Hon Alan Johnson","Labour","Kingston upon Hull West and Hessle","johnsona@parliament.uk"
"Boris Johnson","Conservative","Uxbridge and South Ruislip","boris.johnson.mp@parliament.uk"
"Diana Johnson","Labour","Kingston upon Hull North","johnsond@parliament.uk"
"Gareth Johnson","Conservative","Dartford","gareth.johnson.mp@parliament.uk"
"Joseph Johnson","Conservative","Orpington","jo.johnson.mp@parliament.uk"
"Andrew Jones","Conservative","Harrogate and Knaresborough","andrew.jones.mp@parliament.uk"
"Rt Hon David Jones","Conservative","Clwyd West","jonesdi@parliament.uk"
"Gerald Jones","Labour","Merthyr Tydfil and Rhymney","gerald.jones.mp@parliament.uk"
"Graham Jones","Labour","Hyndburn","graham.jones.mp@parliament.uk"
"Helen Jones","Labour","Warrington North","jonesh@parliament.uk"
"Mr Kevan Jones","Labour","North Durham","kevanjonesmp@parliament.uk"
"Mr Marcus Jones","Conservative","Nuneaton","marcus.jones.mp@parliament.uk"
"Susan Elan Jones","Labour","Clwyd South","susan.jones.mp@parliament.uk"
"Mike Kane","Labour","Wythenshawe and Sale East","mike.kane.mp@parliament.uk"
"Rt Hon Sir Gerald Kaufman","Labour","Manchester, Gorton","kaufmang@parliament.uk"
"Daniel Kawczynski","Conservative","Shrewsbury and Atcham","kawczynskid@parliament.uk"
"Barbara Keeley","Labour","Worsley and Eccles South",NA
"Liz Kendall","Labour","Leicester West","liz.kendall.mp@parliament.uk"
"Seema Kennedy","Conservative","South Ribble","seema.kennedy.mp@parliament.uk"
"George Kerevan","Scottish National Party","East Lothian","george.kerevan.mp@parliament.uk"
"Calum Kerr","Scottish National Party","Berwickshire, Roxburgh and Selkirk","calum.kerr.mp@parliament.uk"
"Rt Hon Sadiq Khan","Labour","Tooting","sadiqkhanmp@parliament.uk"
"Danny Kinahan","Ulster Unionist Party","South Antrim","danny.kinahan.mp@parliament.uk"
"Stephen Kinnock","Labour","Aberavon","stephen.kinnock.mp@parliament.uk"
"Simon Kirby","Conservative","Brighton, Kemptown","simon.kirby.mp@parliament.uk"
"Julian Knight","Conservative","Solihull","julian.knight.mp@parliament.uk"
"Rt Hon Sir Greg Knight","Conservative","East Yorkshire","sothcottt@parliament.uk"
"Kwasi Kwarteng","Conservative","Spelthorne","kwasi.kwarteng.mp@parliament.uk"
"Peter Kyle","Labour","Hove","peter.kyle.mp@parliament.uk"
"Mrs Eleanor Laing","Conservative","Epping Forest","eleanor.laing.mp@parliament.uk"
"Rt Hon Norman Lamb","Liberal Democrat","North Norfolk","norman.lamb.mp@parliament.uk"
"Rt Hon David Lammy","Labour","Tottenham","lammyd@parliament.uk"
"Mark Lancaster","Conservative","Milton Keynes North","officeofmarklancaster@parliament.uk"
"Pauline Latham","Conservative","Mid Derbyshire","pauline.latham.mp@parliament.uk"
"Ian Lavery","Labour","Wansbeck","ian.lavery.mp@parliament.uk"
"Chris Law","Scottish National Party","Dundee West","chris.law.mp@parliament.uk"
"Andrea Leadsom","Conservative","South Northamptonshire","andrea.leadsom.mp@parliament.uk"
"Dr Phillip Lee","Conservative","Bracknell","phillip.lee.mp@parliament.uk"
"Jeremy Lefroy","Conservative","Stafford","jeremy.lefroy.mp@parliament.uk"
"Sir Edward Leigh","Conservative","Gainsborough","edward.leigh.mp@parliament.uk"
"Charlotte Leslie","Conservative","Bristol North West","charlotte.leslie.mp@parliament.uk"
"Chris Leslie","Labour (Co-op)","Nottingham East","chris.leslie@parliament.uk"
"Rt Hon Oliver Letwin","Conservative","West Dorset","letwino@parliament.uk; charlesa@parliament.uk"
"Mrs Emma Lewell-Buck","Labour","South Shields","emma.lewell-buck.mp@parliament.uk"
"Brandon Lewis","Conservative","Great Yarmouth","helen.hill@parliament.uk"
"Clive Lewis","Labour","Norwich South","clive.lewis.mp@parliament.uk"
"Mr Ivan Lewis","Labour","Bury South","lewisi@parliament.uk"
"Rt Hon Dr Julian Lewis","Conservative","New Forest East",NA
"Mr Ian Liddell-Grainger","Conservative","Bridgwater and West Somerset","ianlg@parliament.uk"
"Rt Hon David Lidington","Conservative","Aylesbury","david.lidington.mp@parliament.uk"
"Rt Hon Peter Lilley","Conservative","Hitchin and Harpenden","lilleyp@parliament.uk"
"Rebecca Long Bailey","Labour","Salford and Eccles","rebecca.longbailey.mp@parliament.uk"
"Jack Lopresti","Conservative","Filton and Bradley Stoke","jack.lopresti.mp@parliament.uk"
"Mr Jonathan Lord","Conservative","Woking","jonathan.lord.mp@parliament.uk"
"Tim Loughton","Conservative","East Worthing and Shoreham","loughtont@parliament.uk"
"Caroline Lucas","Green Party","Brighton, Pavilion","caroline.lucas.mp@parliament.uk"
"Ian C. Lucas","Labour","Wrexham","lucasi@parliament.uk"
"Karen Lumley","Conservative","Redditch","karen.lumley.mp@parliament.uk"
"Holly Lynch","Labour","Halifax","holly.lynch.mp@parliament.uk"
"John Mc Nally","Scottish National Party","Falkirk","john.mcnally.mp@parliament.uk"
"Steve McCabe","Labour","Birmingham, Selly Oak","mccabes@parliament.uk"
"Callum McCaig","Scottish National Party","Aberdeen South","callum.mccaig.mp@parliament.uk"
"Kerry McCarthy","Labour","Bristol East","kerry.mccarthy.mp@parliament.uk"
"Jason McCartney","Conservative","Colne Valley","jason.mccartney.mp@parliament.uk"
"Karl McCartney","Conservative","Lincoln","karl.mccartney.mp@parliament.uk"
"Siobhain McDonagh","Labour","Mitcham and Morden","mcdonaghs@parliament.uk"
"Andy McDonald","Labour","Middlesbrough","info@andymcdonaldmp.org"
"Stewart Malcolm McDonald","Scottish National Party","Glasgow South","stewart.mcdonald.mp@parliament.uk"
"Stuart C. McDonald","Scottish National Party","Cumbernauld, Kilsyth and Kirkintilloch East","stuart.mcdonald.mp@parliament.uk"
"Dr Alasdair McDonnell","Social Democratic & Labour Party","Belfast South","alasdair.mcdonnell.mp@parliament.uk"
"John McDonnell","Labour","Hayes and Harlington","mcdonnellj@parliament.uk"
"Rt Hon Pat McFadden","Labour","Wolverhampton South East","mcfaddenp@parliament.uk"
"Natalie McGarry","Scottish National Party","Glasgow East","natalie.mcgarry.mp@parliament.uk"
"Conor McGinn","Labour","St Helens North","conor.mcginn.mp@parliament.uk"
"Alison McGovern","Labour","Wirral South","alison.mcgovern.mp@parliament.uk"
"Liz McInnes","Labour","Heywood and Middleton",NA
"Craig Mackinlay","Conservative","South Thanet","craig.mackinlay.mp@parliament.uk"
"Catherine McKinnell","Labour","Newcastle upon Tyne North","catherine.mckinnell.mp@parliament.uk"
"David Mackintosh","Conservative","Northampton South","david.mackintosh.mp@parliament.uk"
"Anne McLaughlin","Scottish National Party","Glasgow North East","anne.mclaughlin.mp@parliament.uk"
"Rt Hon Patrick McLoughlin","Conservative","Derbyshire Dales","patrick.mcloughlin.mp@parliament.uk"
"Angus Brendan MacNeil","Scottish National Party","Na h-Eileanan an Iar","macneila@parliament.uk"
"Stephen McPartland","Conservative","Stevenage","stephen.mcpartland.mp@parliament.uk"
"Rt Hon Fiona Mactaggart","Labour","Slough","mactaggartf@parliament.uk"
"Justin Madders","Labour","Ellesmere Port and Neston","justin.madders.mp@parliament.uk"
"Mr Khalid Mahmood","Labour","Birmingham, Perry Barr","mahmoodk@parliament.uk"
"Shabana Mahmood","Labour","Birmingham, Ladywood","shabana.mahmood.mp@parliament.uk"
"Mrs Anne Main","Conservative","St Albans","maina@parliament.uk"
"Mr Alan Mak","Conservative","Havant","alan.mak.mp@parliament.uk"
"Seema Malhotra","Labour (Co-op)","Feltham and Heston","seema.malhotra.mp@parliament.uk"
"Kit Malthouse","Conservative","North West Hampshire","kit.malthouse.mp@parliament.uk"
"John Mann","Labour","Bassetlaw","john.mann.mp@parliament.uk"
"Scott Mann","Conservative","North Cornwall","scott.mann.mp@parliament.uk"
"Rob Marris","Labour","Wolverhampton South West","rob.marris.mp@parliament.uk"
"Gordon Marsden","Labour","Blackpool South","gordonmarsdenmp@parliament.uk"
"Rachael Maskell","Labour (Co-op)","York Central","rachael.maskell.mp@parliament.uk"
"Paul Maskey","Sinn Fein","Belfast West","mailto:paul.maskey.mp@parliament.uk"
"Christian Matheson","Labour","City of Chester","chris.matheson.mp@parliament.uk"
"Dr Tania Mathias","Conservative","Twickenham","drtania.mathias.mp@parliament.uk"
"Rt Hon Theresa May","Conservative","Maidenhead","mayt@parliament.uk"
"Paul Maynard","Conservative","Blackpool North and Cleveleys","paul.maynard.mp@parliament.uk"
"Sir Alan Meale","Labour","Mansfield","mealea@parliament.uk"
"Ian Mearns","Labour","Gateshead","ian.mearns.mp@parliament.uk"
"Mark Menzies","Conservative","Fylde","mark.menzies.mp@parliament.uk"
"Johnny Mercer","Conservative","Plymouth, Moor View","johnny.mercer.mp@parliament.uk"
"Huw Merriman","Conservative","Bexhill and Battle","huw.merriman.mp@parliament.uk"
"Stephen Metcalfe","Conservative","South Basildon and East Thurrock","stephen.metcalfe.mp@parliament.uk"
"Rt Hon Edward Miliband","Labour","Doncaster North","ed.miliband.mp@parliament.uk"
"Rt Hon Maria Miller","Conservative","Basingstoke","maria.miller.mp@parliament.uk"
"Amanda Milling","Conservative","Cannock Chase","amanda.milling.mp@parliament.uk"
"Nigel Mills","Conservative","Amber Valley","nigel.mills.mp@parliament.uk"
"Rt Hon Anne Milton","Conservative","Guildford","anne.milton.mp@parliament.uk"
"Rt Hon Andrew Mitchell","Conservative","Sutton Coldfield","andrew.mitchell.mp@parliament.uk"
"Francie Molloy","Sinn Fein","Mid Ulster","sinnfeincookstown@yahoo.com"
"Carol Monaghan","Scottish National Party","Glasgow North West","carol.monaghan.mp@parliament.uk"
"Dr Paul Monaghan","Scottish National Party","Caithness, Sutherland and Easter Ross","paul.monaghan.mp@parliament.uk"
"Mrs Madeleine Moon","Labour","Bridgend","moonm@parliament.uk"
"Penny Mordaunt","Conservative","Portsmouth North","penny.mordaunt.mp@parliament.uk"
"Jessica Morden","Labour","Newport East","mordenj@parliament.uk"
"Rt Hon Nicky Morgan","Conservative","Loughborough","nicky.morgan.mp@parliament.uk"
"Anne Marie Morris","Conservative","Newton Abbot","annemarie.morris.mp@parliament.uk"
"David Morris","Conservative","Morecambe and Lunesdale","david.morris.mp@parliament.uk"
"Grahame Morris","Labour","Easington","grahame.morris.mp@parliament.uk"
"James Morris","Conservative","Halesowen and Rowley Regis","james.morris.mp@parliament.uk"
"Wendy Morton","Conservative","Aldridge-Brownhills","wendy.morton.mp@parliament.uk"
"David Mowat","Conservative","Warrington South","david.mowat.mp@parliament.uk"
"Greg Mulholland","Liberal Democrat","Leeds North West","greg.mulholland.mp@parliament.uk"
"Roger Mullin","Scottish National Party","Kirkcaldy and Cowdenbeath","roger.mullin.mp@parliament.uk"
"Rt Hon David Mundell","Conservative","Dumfriesshire, Clydesdale and Tweeddale","david.mundell.mp@parliament.uk"
"Ian Murray","Labour","Edinburgh South","ian.murray.mp@parliament.uk"
"Mrs Sheryll Murray","Conservative","South East Cornwall","sheryll.murray.mp@parliament.uk"
"Dr Andrew Murrison","Conservative","South West Wiltshire","murrisona@parliament.uk"
"Lisa Nandy","Labour","Wigan","lisa.nandy.mp@parliament.uk"
"Robert Neill","Conservative","Bromley and Chislehurst","bob.neill.mp@parliament.uk"
"Gavin Newlands","Scottish National Party","Paisley and Renfrewshire North","gavin.newlands.mp@parliament.uk"
"Sarah Newton","Conservative","Truro and Falmouth","sarah.newton.mp@parliament.uk"
"John Nicolson","Scottish National Party","East Dunbartonshire","john.nicolson.mp@parliament.uk"
"Caroline Nokes","Conservative","Romsey and Southampton North","caroline.nokes.mp@parliament.uk"
"Jesse Norman","Conservative","Hereford and South Herefordshire","jesse.norman.mp@parliament.uk"
"Mr David Nuttall","Conservative","Bury North","david.nuttall.mp@parliament.uk"
"Dr Matthew Offord","Conservative","Hendon","matthew.offord.mp@parliament.uk"
"Brendan O'Hara","Scottish National Party","Argyll and Bute","brendan.ohara.mp@parliament.uk"
"Melanie Onn","Labour","Great Grimsby","melanie.onn.mp@parliament.uk"
"Chi Onwurah","Labour","Newcastle upon Tyne Central","chi.onwurah.mp@parliament.uk"
"Guy Opperman","Conservative","Hexham","guy.opperman.mp@parliament.uk"
"Kate Osamor","Labour (Co-op)","Edmonton","kate.osamor.mp@parliament.uk"
"Rt Hon George Osborne","Conservative","Tatton","george.osborne.mp@parliament.uk"
"Kirsten Oswald","Scottish National Party","East Renfrewshire","kirsten.oswald.mp@parliament.uk"
"Albert Owen","Labour","Ynys Môn","albert.owen.mp@parliament.uk"
"Ian Paisley","Democratic Unionist Party","North Antrim","ian.paisley.mp@parliament.uk"
"Neil Parish","Conservative","Tiverton and Honiton","neil.parish.mp@parliament.uk"
"Rt Hon Priti Patel","Conservative","Witham","priti.patel.mp@parliament.uk"
"Rt Hon Owen Paterson","Conservative","North Shropshire","Patersono@parliament.uk"
"Steven Paterson","Scottish National Party","Stirling","steven.paterson.mp@parliament.uk"
"Mark Pawsey","Conservative","Rugby","mark.pawsey.mp@parliament.uk"
"Teresa Pearce","Labour","Erith and Thamesmead","teresa.pearce.mp@parliament.uk"
"Rt Hon Mike Penning","Conservative","Hemel Hempstead","penningm@parliament.uk"
"Matthew Pennycook","Labour","Greenwich and Woolwich","matthew.pennycook.mp@parliament.uk"
"John Penrose","Conservative","Weston-super-Mare","beauperec@parliament.uk"
"Andrew Percy","Conservative","Brigg and Goole","andrew.percy.mp@parliament.uk"
"Toby Perkins","Labour","Chesterfield","toby.perkins.mp@parliament.uk"
"Claire Perry","Conservative","Devizes","claire.perry.mp@parliament.uk"
"Jess Phillips","Labour","Birmingham, Yardley","jess.phillips.mp@parliament.uk"
"Stephen Phillips QC","Conservative","Sleaford and North Hykeham","stephen.phillips.mp@parliament.uk"
"Bridget Phillipson","Labour","Houghton and Sunderland South","bridget.phillipson.mp@parliament.uk"
"Chris Philp","Conservative","Croydon South","chris.philp.mp@parliament.uk"
"Rt Hon Sir Eric Pickles","Conservative","Brentwood and Ongar","picklese@parliament.uk"
"Christopher Pincher","Conservative","Tamworth","christopher.pincher.mp@parliament.uk"
"Dr Poulter","Conservative","Central Suffolk and North Ipswich","daniel.poulter.mp@parliament.uk"
"Stephen Pound","Labour","Ealing North","stevepoundmp@parliament.uk"
"Rebecca Pow","Conservative","Taunton Deane","rebecca.pow.mp@parliament.uk"
"Lucy Powell","Labour (Co-op)","Manchester Central","contact@lucypowell.org.uk "
"Victoria Prentis","Conservative","Banbury","victoria.prentis.mp@parliament.uk"
"Mr Mark Prisk","Conservative","Hertford and Stortford","natalie.bithell@parliament.uk"
"Mark Pritchard","Conservative","The Wrekin","pritchardm@parliament.uk"
"John Pugh","Liberal Democrat","Southport","pughj@parliament.uk"
"Tom Pursglove","Conservative","Corby","tom.pursglove.mp@parliament.uk"
"Jeremy Quin","Conservative","Horsham","jeremy.quin.mp@parliament.uk"
"Will Quince","Conservative","Colchester","will.quince.mp@parliament.uk"
"Yasmin Qureshi","Labour","Bolton South East","yasmin.qureshi.mp@parliament.uk"
"Dominic Raab","Conservative","Esher and Walton","dominic.raab.mp@parliament.uk"
"Angela Rayner","Labour","Ashton-under-Lyne","angela.rayner.mp@parliament.uk"
"Rt Hon John Redwood","Conservative","Wokingham","john.redwood.mp@parliament.uk"
"Mr Jamie Reed","Labour","Copeland","reedjr@parliament.uk"
"Mr Steve Reed","Labour (Co-op)","Croydon North","steve.reed.mp@parliament.uk"
"Christina Rees","Labour","Neath","christina.rees.mp@parliament.uk"
"Mr Jacob Rees-Mogg","Conservative","North East Somerset","jacob.reesmogg.mp@parliament.uk"
"Rachel Reeves","Labour","Leeds West","rachel.reeves.mp@parliament.uk"
"Emma Reynolds","Labour","Wolverhampton North East","emma.reynolds.mp@parliament.uk"
"Jonathan Reynolds","Labour (Co-op)","Stalybridge and Hyde","jonathan.reynolds.mp@parliament.uk"
"Marie Rimmer","Labour","St Helens South and Whiston","marie.rimmer.mp@parliament.uk"
"Ms Margaret Ritchie","Social Democratic & Labour Party","South Down","margaret.ritchie.mp@parliament.uk"
"Rt Hon Angus Robertson","Scottish National Party","Moray","robertsona@parliament.uk"
"Mr Laurence Robertson","Conservative","Tewkesbury","robertsonl@parliament.uk"
"Gavin Robinson","Democratic Unionist Party","Belfast East","gavin.robinson.mp@parliament.uk"
"Mr Geoffrey Robinson","Labour","Coventry North West","robinsong@parliament.uk"
"Mary Robinson","Conservative","Cheadle","mary.robinson.mp@parliament.uk"
"Andrew Rosindell","Conservative","Romford","andrew.rosindell.mp@parliament.uk"
"Steve Rotheram","Labour","Liverpool, Walton","steve.rotheram.mp@parliament.uk"
"Rt Hon Amber Rudd","Conservative","Hastings and Rye","amber.rudd.mp@parliament.uk"
"David Rutley","Conservative","Macclesfield","david.rutley.mp@parliament.uk"
"Rt Hon Joan Ryan","Labour","Enfield North","joan.ryan.mp@parliament.uk"
"Rt Hon Alex Salmond","Scottish National Party","Gordon","alex.salmond.mp@parliament.uk"
"Antoinette Sandbach","Conservative","Eddisbury","antoinette.sandbach.mp@parliament.uk"
"Liz Saville Roberts","Plaid Cymru","Dwyfor Meirionnydd","liz.savilleroberts.mp@parliament.uk"
"Paul Scully","Conservative","Sutton and Cheam","paul.scully.mp@parliament.uk"
"Andrew Selous","Conservative","South West Bedfordshire","andrew.selous.mp@parliament.uk"
"Naz Shah","Labour","Bradford West","naz.shah.mp@parliament.uk "
"Jim Shannon","Democratic Unionist Party","Strangford","jim.shannon.mp@parliament.uk"
"Rt Hon Grant Shapps","Conservative","Welwyn Hatfield","shappsg@parliament.uk"
"Alok Sharma","Conservative","Reading West","alok.sharma.mp@parliament.uk"
"Mr Virendra Sharma","Labour","Ealing, Southall","sharmav@parliament.uk"
"Mr Barry Sheerman","Labour (Co-op)","Huddersfield","sheermanb@parliament.uk"
"Alec Shelbrooke","Conservative","Elmet and Rothwell","alec.shelbrooke.mp@parliament.uk"
"Tommy Sheppard","Scottish National Party","Edinburgh East","tommy.sheppard.mp@parliament.uk"
"Paula Sherriff","Labour","Dewsbury","paula.sherriff.mp@parliament.uk"
"Mr Gavin Shuker","Labour (Co-op)","Luton South","gavin.shuker.mp@parliament.uk"
"Tulip Siddiq","Labour","Hampstead and Kilburn","tulip.siddiq.mp@parliament.uk"
"David Simpson","Democratic Unionist Party","Upper Bann","simpsond@parliament.uk"
"Rt Hon Keith Simpson","Conservative","Broadland","keith.simpson.mp@parliament.uk"
"Chris Skidmore","Conservative","Kingswood","chris.skidmore.mp@parliament.uk"
"Mr Dennis Skinner","Labour","Bolsover","skinnerd@parliament.uk"
"Andy Slaughter","Labour","Hammersmith","slaughtera@parliament.uk"
"Ruth Smeeth","Labour","Stoke-on-Trent North","ruth.smeeth.mp@parliament.uk"
"Rt Hon Andrew Smith","Labour","Oxford East","smithad@parliament.uk"
"Angela Smith","Labour","Penistone and Stocksbridge","smithac@parliament.uk"
"Cat Smith","Labour","Lancaster and Fleetwood","cat.smith.mp@parliament.uk"
"Chloe Smith","Conservative","Norwich North","chloe.smith.mp@parliament.uk"
"Henry Smith","Conservative","Crawley","henry.smith.mp@parliament.uk"
"Jeff Smith","Labour","Manchester, Withington","jeff.smith.mp@parliament.uk"
"Julian Smith","Conservative","Skipton and Ripon","julian.smith.mp@parliament.uk"
"Nick Smith","Labour","Blaenau Gwent","nick.smith.mp@parliament.uk"
"Owen Smith","Labour","Pontypridd","owen.smith.mp@parliament.uk"
"Royston Smith","Conservative","Southampton, Itchen","royston.smith.mp@parliament.uk"
"Karin Smyth","Labour","Bristol South","karin.smyth.mp@parliament.uk"
"Rt Hon Sir Nicholas Soames","Conservative","Mid Sussex","nicholas.soames.mp@parliament.uk"
"Amanda Solloway","Conservative","Derby North","amanda.solloway.mp@parliament.uk"
"Rt Hon Anna Soubry","Conservative","Broxtowe","anna.soubry.mp@parliament.uk"
"Rt Hon John Spellar","Labour","Warley","john.spellar.mp@parliament.uk"
"Rt Hon Caroline Spelman","Conservative","Meriden","caroline@carolinespelman.com"
"Mark Spencer","Conservative","Sherwood","mark.spencer.mp@parliament.uk"
"Keir Starmer","Labour","Holborn and St Pancras","keir.starmer.mp@parliament.uk"
"Chris Stephens","Scottish National Party","Glasgow South West","chris.stephens.mp@parliament.uk"
"Andrew Stephenson","Conservative","Pendle","andrew.stephenson.mp@parliament.uk"
"Jo Stevens","Labour","Cardiff Central","jo.stevens.mp@parliament.uk"
"John Stevenson","Conservative","Carlisle","john.stevenson.mp@parliament.uk"
"Bob Stewart","Conservative","Beckenham","bob.stewart.mp@parliament.uk"
"Iain Stewart","Conservative","Milton Keynes South","iain.stewart.mp@parliament.uk"
"Rory Stewart","Conservative","Penrith and The Border","rory.stewart.mp@parliament.uk"
"Mr Gary Streeter","Conservative","South West Devon","deans@parliament.uk"
"Wes Streeting","Labour","Ilford North","wes.streeting.mp@parliament.uk"
"Mel Stride","Conservative","Central Devon","mel.stride.mp@parliament.uk"
"Graham Stringer","Labour","Blackley and Broughton","graham.stringer.mp@parliament.uk"
"Rt Hon Gisela Stuart","Labour","Birmingham, Edgbaston","stuartg@parliament.uk"
"Graham Stuart","Conservative","Beverley and Holderness","graham.stuart.mp@parliament.uk"
"Julian Sturdy","Conservative","York Outer","julian.sturdy.mp@parliament.uk"
"Rishi Sunak","Conservative","Richmond (Yorks)","rishi.sunak.mp@parliament.uk"
"Rt Hon Desmond Swayne","Conservative","New Forest West","swayned@parliament.uk"
"Rt Hon Hugo Swire","Conservative","East Devon","hugo.swire.mp@parliament.uk"
"Mr Robert Syms","Conservative","Poole","symsmp.office@parliament.uk"
"Mark Tami","Labour","Alyn and Deeside","tamim@parliament.uk"
"Alison Thewliss","Scottish National Party","Glasgow Central","alison.thewliss.mp@parliament.uk"
"Derek Thomas","Conservative","St Ives","derek.thomas.mp@parliament.uk"
"Gareth Thomas","Labour (Co-op)","Harrow West","thomasgr@parliament.uk"
"Nick Thomas-Symonds","Labour","Torfaen","nick.thomassymonds.mp@parliament.uk"
"Owen Thompson","Scottish National Party","Midlothian","owen.thompson.mp@parliament.uk"
"Michelle Thomson","Independent","Edinburgh West","michelle.thomson.mp@parliament.uk"
"Emily Thornberry","Labour","Islington South and Finsbury","thornberrye@parliament.uk"
"Maggie Throup","Conservative","Erewash","maggie.throup.mp@parliament.uk"
"Rt Hon Stephen Timms","Labour","East Ham","timmss@parliament.uk"
"Edward Timpson","Conservative","Crewe and Nantwich","timpsone@parliament.uk"
"Kelly Tolhurst","Conservative","Rochester and Strood","kelly.tolhurst.mp@parliament.uk"
"Justin Tomlinson","Conservative","North Swindon","justin.tomlinson.mp@parliament.uk"
"Michael Tomlinson","Conservative","Mid Dorset and North Poole","michael.tomlinson.mp@parliament.uk"
"Craig Tracey","Conservative","North Warwickshire","craig.tracey.mp@parliament.uk"
"David Tredinnick","Conservative","Bosworth","tredinnickd@parliament.uk"
"Mrs Anne-Marie Trevelyan","Conservative","Berwick-upon-Tweed","annemarie.trevelyan.mp@parliament.uk"
"Jon Trickett","Labour","Hemsworth","trickettj@parliament.uk"
"Rt Hon Elizabeth Truss","Conservative","South West Norfolk","defra.helpline@defra.gsi.gov.uk "
"Tom Tugendhat","Conservative","Tonbridge and Malling","tom.tugendhat.mp@parliament.uk"
"Anna Turley","Labour (Co-op)","Redcar","anna.turley.mp@parliament.uk"
"Mr Andrew Turner","Conservative","Isle of Wight","mail@islandmp.org"
"Karl Turner","Labour","Kingston upon Hull East","karl.turner.mp@parliament.uk"
"Derek Twigg","Labour","Halton","derek.twigg.mp@parliament.uk"
"Stephen Twigg","Labour (Co-op)","Liverpool, West Derby","stephen.twigg.mp@parliament.uk"
"Rt Hon Andrew Tyrie","Conservative","Chichester","andrew.tyrie.mp@parliament.uk"
"Mr Chuka Umunna","Labour","Streatham","chuka.umunna.mp@parliament.uk"
"Mr Edward Vaizey","Conservative","Wantage","vaizeye@parliament.uk"
"Mr Shailesh Vara","Conservative","North West Cambridgeshire","shailesh.vara.mp@parliament.uk"
"Rt Hon Keith Vaz","Labour","Leicester East","vazk@parliament.uk"
"Valerie Vaz","Labour","Walsall South","valerie.vaz.mp@parliament.uk"
"Martin Vickers","Conservative","Cleethorpes","martin.vickers.mp@parliament.uk"
"Rt Hon Theresa Villiers","Conservative","Chipping Barnet","theresa@theresavilliers.co.uk"
"Mr Charles Walker","Conservative","Broxbourne","charles.walker.mp@parliament.uk"
"Mr Robin Walker","Conservative","Worcester","robin.walker.mp@parliament.uk"
"Mr Ben Wallace","Conservative","Wyre and Preston North","wallaceb@parliament.uk"
"David Warburton","Conservative","Somerton and Frome","david.warburton.mp@parliament.uk"
"Matt Warman","Conservative","Boston and Skegness","matt.warman.mp@parliament.uk"
"Dame Angela Watkinson","Conservative","Hornchurch and Upminster","angela.watkinson.mp@parliament.uk"
"Tom Watson","Labour","West Bromwich East","tom.watson.mp@parliament.uk"
"Mike Weir","Scottish National Party","Angus","weirm@parliament.uk"
"Catherine West","Labour","Hornsey and Wood Green","catherine.west.mp@parliament.uk"
"James Wharton","Conservative","Stockton South","james.wharton.mp@parliament.uk"
"Helen Whately","Conservative","Faversham and Mid Kent","helen.whately.mp@parliament.uk"
"Heather Wheeler","Conservative","South Derbyshire","heather.wheeler.mp@parliament.uk"
"Chris White","Conservative","Warwick and Leamington","chris.white.mp@parliament.uk"
"Dr Eilidh Whiteford","Scottish National Party","Banff and Buchan","eilidh.whiteford.mp@parliament.uk"
"Dr Alan Whitehead","Labour","Southampton, Test","whiteheada@parliament.uk"
"Dr Philippa Whitford","Scottish National Party","Central Ayrshire","philippa.whitford.mp@parliament.uk"
"Craig Whittaker","Conservative","Calder Valley","craig.whittaker.mp@parliament.uk"
"Rt Hon John Whittingdale","Conservative","Maldon","john.whittingdale.mp@parliament.uk"
"Bill Wiggin","Conservative","North Herefordshire","bill.wiggin.mp@parliament.uk"
"Craig Williams","Conservative","Cardiff North","craig.williams.mp@parliament.uk"
"Hywel Williams","Plaid Cymru","Arfon","hywel.williams.mp@parliament.uk"
"Mr Mark Williams","Liberal Democrat","Ceredigion","williamsmf@parliament.uk"
"Rt Hon Gavin Williamson","Conservative","South Staffordshire","gavin.williamson.mp@parliament.uk"
"Corri Wilson","Scottish National Party","Ayr, Carrick and Cumnock","corri.wilson.mp@parliament.uk"
"Phil Wilson","Labour","Sedgefield","phil.wilson.mp@parliament.uk"
"Mr Rob Wilson","Conservative","Reading East","robwilsonmp@parliament.uk"
"Sammy Wilson","Democratic Unionist Party","East Antrim","barronj@parliament.uk"
"Mr David Winnick","Labour","Walsall North","winnickd@parliament.uk"
"Rt Hon Rosie Winterton","Labour","Doncaster Central","rosie.winterton.mp@parliament.uk"
"Pete Wishart","Scottish National Party","Perth and North Perthshire","wishartp@parliament.uk"
"Dr Sarah Wollaston","Conservative","Totnes","sarah.wollaston.mp@parliament.uk"
"Mike Wood","Conservative","Dudley South","mikej.wood.mp@parliament.uk"
"John Woodcock","Labour (Co-op)","Barrow and Furness","john.woodcock.mp@parliament.uk"
"William Wragg","Conservative","Hazel Grove","william@williamwragg.org.uk"
"Mr Iain Wright","Labour","Hartlepool","wrighti@parliament.uk"
"Rt Hon Jeremy Wright QC","Conservative","Kenilworth and Southam","jeremy@jeremywright.org.uk"
"Nadhim Zahawi","Conservative","Stratford-on-Avon","nadhim.zahawi.mp@parliament.uk"
"Daniel Zeichner","Labour","Cambridge","daniel@danielzeichner.co.uk"
